{
  "$schema": "https://schema.management.azure.com/schemas/2015-01-01/deploymentTemplate.json#",
  "contentVersion": "1.0.0.0",
  "parameters": {
    "namePrefix": {
      "type": "string",
      "maxLength": 8,
      "metadata": {
        "description": "Naming prefix for each new resource created. 8-char max, lowercase alphanumeric"
      }
    },
    "storageAccountType": {
      "type": "string",
      "allowedValues": [
        "Standard_LRS",
        "Standard_GRS",
        "Standard_RAGRS",
        "Premium_LRS"
      ],
      "metadata": {
        "description": "Type of new Storage Accounts (Standard_LRS, Standard_GRS, Standard_RAGRS or Premium_LRS) to be created to store VM disks"
      },
      "defaultValue": "Premium_LRS"
    },
    "sqlVMSize": {
      "type": "string",
      "metadata": {
        "description": "Size of the SQL VMs to be created"
      },
      "defaultValue": "Standard_DS3"
    },
    "sqlWitnessVMSize": {
      "type": "string",
      "metadata": {
        "description": "Size of the Witness VM to be created"
      },
      "defaultValue": "Standard_DS1"
    },
    "existingDomainName": {
      "type": "string",
      "metadata": {
        "description": "DNS domain name for existing Active Directory domain"
      },
      "defaultValue": "contoso.com"
    },
    "adminUsername": {
      "type": "string",
      "metadata": {
        "description": "Name of the Administrator of the existing Active Directory Domain"
      }
    },
    "adminPassword": {
      "type": "securestring",
      "metadata": {
        "description": "Password for the Administrator account of the existing Active Directory Domain"
      }
    },
    "sqlServerServiceAccountUserName": {
      "type": "string",
      "metadata": {
        "description": "The SQL Server Service account name"
      }
    },
    "sqlServerServiceAccountPassword": {
      "type": "securestring",
      "metadata": {
        "description": "The SQL Server Service account password"
      }
    },
    "existingVirtualNetworkId": {
      "type": "string",
      "metadata": {
        "description": "Resource ID of the existing VNET. You can find the Resource ID for the VNET on the Properties blade of the VNET."
      }
    },
    "existingSqlSubnetName": {
      "type": "string",
      "metadata": {
        "description": "Name of the existing subnet in the existing VNET to which the SQL & Witness VMs should be deployed"
      },
      "defaultValue": "default"
    },
    "existingAdPDCVMName": {
      "type": "string",
      "maxLength": 15,
      "metadata": {
        "description": "Computer name of the existing Primary AD domain controller & DNS server"
      }
    },
    "sqlLBIPAddress": {
      "type": "string",
      "metadata": {
        "description": "IP address of ILB for the SQL Server AlwaysOn listener to be created"
      },
      "defaultValue": "10.0.1.10"
    },
    "_artifactsLocation": {
      "type": "string",
      "metadata": {
        "description": "Location of resources that the script is dependent on such as linked templates and DSC modules"
      },
      "defaultValue": "https://raw.githubusercontent.com/Azure/azure-quickstart-templates/master/sql-server-2014-alwayson-existing-vnet-and-ad"
    },
    "_artifactsLocationSasToken": {
      "type": "securestring",
      "metadata": {
        "description": "The sasToken required to access _artifactsLocation.  When the template is deployed using the accompanying scripts, a sasToken will be automatically generated."
      },
      "defaultValue": ""
    }
  },
  "variables": {
    "sqlSubnetRef": "[concat(parameters('existingVirtualNetworkId'),'/subnets/',parameters('existingSqlSubnetName'))]",
    "deploySqlClusterTemplateURL": "[concat(parameters('_artifactsLocation'),'/nested/deploy-sql-cluster.json',parameters('_artifactsLocationSasToken'))]",
    "deploySqlCluster": "deploySqlCluster"
  },
  "resources": [
    {
      "name": "[variables('deploySqlCluster')]",
      "type": "Microsoft.Resources/deployments",
      "apiVersion": "2015-01-01",
      "dependsOn": [],
      "properties": {
        "mode": "Incremental",
        "templateLink": {
          "uri": "[variables('deploySqlClusterTemplateURL')]",
          "contentVersion": "1.0.0.0"
        },
        "parameters": {
          "namePrefix": {
            "value": "[parameters('namePrefix')]"
          },
          "domainName": {
            "value": "[parameters('existingDomainName')]"
          },
          "dnsServerName": {
            "value": "[parameters('existingAdPDCVMName')]"
          },
          "adminUsername": {
            "value": "[parameters('adminUsername')]"
          },
          "adminPassword": {
            "value": "[parameters('adminPassword')]"
          },
          "sqlServerServiceAccountUserName": {
            "value": "[parameters('sqlServerServiceAccountUserName')]"
          },
          "sqlServerServiceAccountPassword": {
            "value": "[parameters('sqlServerServiceAccountPassword')]"
          },
          "storageAccountType": {
            "value": "[parameters('storageAccountType')]"
          },
          "nicSubnetUri": {
            "value": "[variables('sqlSubnetRef')]"
          },
          "lbSubnetUri": {
            "value": "[variables('sqlSubnetRef')]"
          },
          "sqlLBIPAddress": {
            "value": "[parameters('sqlLBIPAddress')]"
          },
          "sqlVMSize": {
            "value": "[parameters('sqlVMSize')]"
          },
          "sqlWitnessVMSize": {
            "value": "[parameters('sqlWitnessVMSize')]"
          },
          "_artifactsLocation": {
            "value": "[parameters('_artifactsLocation')]"
          },
          "_artifactsLocationSasToken": {
            "value": "[parameters('_artifactsLocationSasToken')]"
          }
        }
      }
    }
  ],
  "outputs": {}
}