{
  "$schema": "https://schema.management.azure.com/schemas/2015-01-01/deploymentTemplate.json#",
  "contentVersion": "1.0.0.0",
  "parameters": {
    "namePrefix": {
      "value": "GEN-UNIQUE-8"
    },
    "existingDomainName": {
      "value": "contoso.com"
    },
    "adminUsername": {
      "value": "AzureAdmin"
    },
    "adminPassword": {
      "value": "GEN-PASSWORD"
    },
    "sqlServerServiceAccountUserName": {
      "value": "sqlservice"
    },
    "sqlServerServiceAccountPassword": {
      "value": "GEN-PASSWORD"
    },
    "existingSqlSubnetName": {
      "value": "default"
    },
  }
}