{
  "itemDisplayName": "Deploys SQL Server 2014 AlwaysOn AG on existing VNET & AD",
  "description": "This template creates three new Azure VMs on an existing VNET: Two VMs are configured as SQL Server 2014 AlwaysOn Availability Group replica nodes and one VM is configured as a File Share Witness for automated cluster failover. In addition to these VMs, the following additional Azure resources are also configured: Internal load balancer, Storage accounts.  To configure clustering, SQL Server and AlwaysOn within each VM, PowerShell DSC is leveraged.  For Active Directory support, existing Active Directory domain controllers should already be deployed on the existing VNET.",
  "summary": "This template creates 3 Azure VMs for a SQL Server AlwaysOn AG cluster on an existing Azure VNET and Active Directory domain",
  "githubUsername": "robotechredmond",
  "dateUpdated": "2016-11-02"
}
