﻿{
	"$schema": "https://schema.management.azure.com/schemas/2015-01-01/deploymentTemplate.json#",
	"contentVersion": "1.0.0.0",
	"parameters": {
		"namePrefix": {
			"type": "string"
		},
		"domainName": {
			"type": "string"
		},
		"dnsServerName": {
			"type": "string"
		},
		"adminUsername": {
			"type": "string"
		},
		"adminPassword": {
			"type": "securestring"
		},
		"sqlServerServiceAccountUserName": {
			"type": "string"
		},
		"sqlServerServiceAccountPassword": {
			"type": "securestring"
		},
		"storageAccountType": {
			"type": "securestring"
		},
		"nicSubnetUri": {
			"type": "string"
		},
		"lbSubnetUri": {
			"type": "string"
		},
		"sqlLBIPAddress": {
			"type": "string"
		},
		"sqlVMSize": {
			"type": "string"
		},
		"sqlWitnessVMSize": {
			"type": "string"
		},
		"_artifactsLocation": {
			"type": "string"
		},
		"_artifactsLocationSasToken": {
			"type": "string"
		},
		"windowsImagePublisher": {
			"type": "string",
			"defaultValue": "MicrosoftSQLServer"
		},
		"windowsImageOffer": {
			"type": "string",
			"defaultValue": "SQL2014SP1-WS2012R2"
		},
		"windowsImageSKU": {
			"type": "string",
			"defaultValue": "Enterprise"
		},
		"windowsImageVersion": {
			"type": "string",
			"defaultValue": "latest"
		}
	},
	"variables": {
		"apiVersionStorage": "2015-06-15",
		"sqlDiskSize": 1000,
		"sqlWitnessDiskSize": 128,
		"sqlNamePrefix": "[concat(parameters('namePrefix'),'-sql-')]",
		"sqlAvailabilitySetName": "[concat(variables('sqlNamePrefix'),'as')]",
		"sqlLBName": "[concat(variables('sqlNamePrefix'),'ilb')]",
		"sqllbID": "[resourceId('Microsoft.Network/loadBalancers',variables('sqlLBName'))]",
		"lbFE1": "[concat(variables('sqlNamePrefix'),'ilbfe1')]",
		"lbBE": "[concat(variables('sqlNamePrefix'),'ilbbe')]",
		"sqlLBID": "[resourceId('Microsoft.Network/loadBalancers',variables('sqlLBName'))]",
		"sqlLBFEConfigID1": "[concat(variables('sqllbID'),'/frontendIPConfigurations/',variables('lbFE1'))]",
		"sqlLBBEAddressPoolID": "[concat(variables('sqllbID'),'/backendAddressPools/',variables('lbBE'))]",
		"sqlAOProbe1": "[concat(variables('sqlNamePrefix'),'ilbp1')]",
		"sqlLBProbeID1": "[concat(variables('sqllbID'),'/probes/',variables('sqlAOProbe1'))]",
		"sqlStorageAccountPrefix": "[concat(parameters('namePrefix'),take(uniqueString(resourceGroup().id),8),'sql')]",
		"sqlWitnessStorageAccountName": "[concat(parameters('namePrefix'),take(uniqueString(resourceGroup().id),8),'wit')]",
		"vmContainerName": "vhds",
		"deploySqlWitnessShare": "deploySqlWitnessShare",
		"deploySqlWitnessShareId": "[concat('Microsoft.Resources/deployments/', variables('deploySqlWitnessShare'))]",
		"deploySqlWitnessShareTemplateUrl": "[concat(parameters('_artifactsLocation'),'/nested/deploy-sql-witness.json',parameters('_artifactsLocationSasToken'))]",
		"sqlWitnessSharePath": "[concat(parameters('namePrefix'),'-fsw')]",
		"sqlWitnessVMName": "[concat(variables('sqlNamePrefix'),'w')]",
		"deploySqlAlwaysOn": "deploySqlAlwaysOn",
		"deploySqlAlwaysOnTemplateUrl": "[concat(parameters('_artifactsLocation'),'/nested/deploy-sql-alwayson.json',parameters('_artifactsLocationSasToken'))]",
		"sqlAOEPName": "[concat(parameters('namePrefix'),'-agep')]",
		"sqlAOAGName1": "[concat(parameters('namePrefix'),'-ag1')]",
		"sqlAOListener1": "[concat(parameters('namePrefix'),'-agl1')]"
	},
	"resources": [
		{
			"type": "Microsoft.Compute/availabilitySets",
			"name": "[variables('sqlAvailabilitySetName')]",
			"apiVersion": "2015-06-15",
			"location": "[resourceGroup().location]",
			"properties": {}
		},
		{
			"type": "Microsoft.Storage/storageAccounts",
			"name": "[concat(variables('sqlStorageAccountPrefix'), copyindex())]",
			"apiVersion": "2015-06-15",
			"copy": {
				"name": "storageAccountLoop",
				"count": 2
			},
			"location": "[resourceGroup().location]",
			"properties": {
				"accountType": "[parameters('storageAccountType')]"
			}
		},
		{
			"type": "Microsoft.Storage/storageAccounts",
			"name": "[variables('sqlWitnessStorageAccountName')]",
			"apiVersion": "2015-06-15",
			"location": "[resourceGroup().location]",
			"properties": {
				"accountType": "[parameters('storageAccountType')]"
			}
		},
		{
			"apiVersion": "2015-06-15",
			"name": "[variables('sqlLBName')]",
			"type": "Microsoft.Network/loadBalancers",
			"location": "[resourceGroup().location]",
			"dependsOn": [],
			"properties": {
				"frontendIPConfigurations": [
					{
						"name": "[variables('lbFE1')]",
						"properties": {
							"privateIPAllocationMethod": "Static",
							"privateIPAddress": "[parameters('sqlLBIPAddress')]",
							"subnet": {
								"id": "[parameters('lbSubnetUri')]"
							}
						}
					}
				],
				"backendAddressPools": [
					{
						"name": "[variables('lbBE')]"
					}
				],
				"loadBalancingRules": [
					{
						"name": "[variables('sqlAOListener1')]",
						"properties": {
							"frontendIPConfiguration": {
								"id": "[variables('sqlLBFEConfigID1')]"
							},
							"backendAddressPool": {
								"id": "[variables('sqlLBBEAddressPoolID')]"
							},
							"probe": {
								"id": "[variables('sqlLBProbeID1')]"
							},
							"protocol": "Tcp",
							"frontendPort": 1433,
							"backendPort": 1433,
							"enableFloatingIP": true
						}
					}
				],
				"probes": [
					{
						"name": "[variables('sqlAOProbe1')]",
						"properties": {
							"protocol": "Tcp",
							"port": 59999,
							"intervalInSeconds": 5,
							"numberOfProbes": 2
						}
					}
				]
			}
		},
		{
			"name": "[concat(variables('sqlNamePrefix'), copyindex(), '-nic')]",
			"type": "Microsoft.Network/networkInterfaces",
			"location": "[resourceGroup().location]",
			"apiVersion": "2015-06-15",
			"copy": {
				"name": "nicLoop",
				"count": 2
			},
			"dependsOn": [
				"[variables('sqlLBID')]"
			],
			"properties": {
				"ipConfigurations": [
					{
						"name": "ipconfig1",
						"properties": {
							"privateIPAllocationMethod": "Dynamic",
							"subnet": {
								"id": "[parameters('nicSubnetUri')]"
							},
							"loadBalancerBackendAddressPools": [
								{
									"id": "[variables('sqlLBBEAddressPoolID')]"
								}
							]
						}
					}
				]
			}
		},
		{
			"name": "[concat(variables('sqlWitnessVMName'), '-nic')]",
			"type": "Microsoft.Network/networkInterfaces",
			"location": "[resourceGroup().location]",
			"apiVersion": "2015-06-15",
			"properties": {
				"ipConfigurations": [
					{
						"name": "ipconfig1",
						"properties": {
							"privateIPAllocationMethod": "Dynamic",
							"subnet": {
								"id": "[parameters('nicSubnetUri')]"
							}
						}
					}
				]
			}
		},
		{
			"apiVersion": "2015-06-15",
			"type": "Microsoft.Compute/virtualMachines",
			"name": "[concat(variables('sqlNamePrefix'), copyindex())]",
			"location": "[resourceGroup().location]",
			"copy": {
				"name": "virtualMachineLoop",
				"count": 2
			},
			"dependsOn": [
				"[resourceId('Microsoft.Storage/storageAccounts',concat(variables('sqlStorageAccountPrefix'),  copyindex()))]",
				"[resourceId('Microsoft.Network/networkInterfaces',concat(variables('sqlNamePrefix'), copyindex(), '-nic'))]",
				"[resourceId('Microsoft.Compute/availabilitySets', variables('sqlAvailabilitySetName'))]"
			],
			"properties": {
				"hardwareProfile": {
					"vmSize": "[parameters('SqlVMSize')]"
				},
				"availabilitySet": {
					"id": "[resourceId('Microsoft.Compute/availabilitySets', variables('sqlAvailabilitySetName'))]"
				},
				"osProfile": {
					"computerName": "[concat(variables('sqlNamePrefix'), copyindex())]",
					"adminUsername": "[parameters('adminUsername')]",
					"adminPassword": "[parameters('adminPassword')]"
				},
				"storageProfile": {
					"imageReference": {
						"publisher": "[parameters('windowsImagePublisher')]",
						"offer": "[parameters('windowsImageOffer')]",
						"sku": "[parameters('windowsImageSKU')]",
						"version": "[parameters('windowsImageVersion')]"
					},
					"osDisk": {
						"name": "[concat(variables('sqlNamePrefix'), copyindex(), '-osdisk.vhd')]",
						"vhd": {
							"uri": "[concat(reference(concat('Microsoft.Storage/storageAccounts/',variables('sqlStorageAccountPrefix'),copyIndex()),variables('apiVersionStorage')).primaryEndpoints.blob, variables('vmContainerName'), '/', variables('sqlNamePrefix'), copyindex(), '-osdisk.vhd')]"
						},
						"caching": "ReadWrite",
						"createOption": "FromImage"
					},
					"dataDisks": [
						{
							"vhd": {
								"uri": "[concat(reference(concat('Microsoft.Storage/storageAccounts/',variables('sqlStorageAccountPrefix'),copyIndex()),variables('apiVersionStorage')).primaryEndpoints.blob, variables('vmContainerName'), '/', variables('sqlNamePrefix'), copyindex(), '-datadisk1.vhd')]"
							},
							"name": "[concat(variables('sqlNamePrefix'), copyindex(), '-datadisk1.vhd')]",
							"caching": "None",
							"createOption": "Empty",
							"diskSizeGB": "[variables('sqlDiskSize')]",
							"lun": 0
						},
						{
							"vhd": {
								"uri": "[concat(reference(concat('Microsoft.Storage/storageAccounts/',variables('sqlStorageAccountPrefix'),copyIndex()),variables('apiVersionStorage')).primaryEndpoints.blob, variables('vmContainerName'), '/', variables('sqlNamePrefix'), copyindex(), '-logdisk1.vhd')]"
							},
							"name": "[concat(variables('sqlNamePrefix'), copyindex(), '-logdisk1.vhd')]",
							"caching": "None",
							"createOption": "Empty",
							"diskSizeGB": "[variables('sqlDiskSize')]",
							"lun": 1
						}
					]
				},
				"networkProfile": {
					"networkInterfaces": [
						{
							"id": "[resourceId('Microsoft.Network/networkInterfaces',concat(variables('sqlNamePrefix'), copyindex(), '-nic'))]"
						}
					]
				}
			}
		},
		{
			"apiVersion": "2015-06-15",
			"type": "Microsoft.Compute/virtualMachines",
			"name": "[variables('sqlWitnessVMName')]",
			"location": "[resourceGroup().location]",
			"dependsOn": [
				"[resourceId('Microsoft.Storage/storageAccounts',variables('sqlWitnessStorageAccountName'))]",
				"[resourceId('Microsoft.Network/networkInterfaces',concat(variables('sqlWitnessVMName'), '-nic'))]",
				"[resourceId('Microsoft.Compute/availabilitySets', variables('sqlAvailabilitySetName'))]"
			],
			"properties": {
				"hardwareProfile": {
					"vmSize": "[parameters('SqlWitnessVMSize')]"
				},
				"availabilitySet": {
					"id": "[resourceId('Microsoft.Compute/availabilitySets', variables('sqlAvailabilitySetName'))]"
				},
				"osProfile": {
					"computerName": "[variables('sqlWitnessVMName')]",
					"adminUsername": "[parameters('adminUsername')]",
					"adminPassword": "[parameters('adminPassword')]"
				},
				"storageProfile": {
					"imageReference": {
						"publisher": "[parameters('windowsImagePublisher')]",
						"offer": "[parameters('windowsImageOffer')]",
						"sku": "[parameters('windowsImageSKU')]",
						"version": "[parameters('windowsImageVersion')]"
					},
					"osDisk": {
						"name": "[concat(variables('sqlWitnessVMName'), '-osdisk.vhd')]",
						"vhd": {
							"uri": "[concat(reference(concat('Microsoft.Storage/storageAccounts/',variables('sqlWitnessStorageAccountName')),variables('apiVersionStorage')).primaryEndpoints.blob, variables('vmContainerName'), '/', variables('sqlWitnessVMName'), '-osdisk.vhd')]"
						},
						"caching": "ReadWrite",
						"createOption": "FromImage"
					},
					"dataDisks": [
						{
							"vhd": {
								"uri": "[concat(reference(concat('Microsoft.Storage/storageAccounts/',variables('sqlWitnessStorageAccountName')),variables('apiVersionStorage')).primaryEndpoints.blob, variables('vmContainerName'), '/', variables('sqlWitnessVMName'), '-datadisk1.vhd')]"
							},
							"name": "[concat(variables('sqlWitnessVMName'), '-datadisk1.vhd')]",
							"caching": "None",
							"createOption": "Empty",
							"diskSizeGB": "[variables('sqlWitnessDiskSize')]",
							"lun": 0
						}
					]
				},
				"networkProfile": {
					"networkInterfaces": [
						{
							"id": "[resourceId('Microsoft.Network/networkInterfaces',concat(variables('sqlWitnessVMName'), '-nic'))]"
						}
					]
				}
			}
		},
		{
			"name": "[variables('deploySqlWitnessShare')]",
			"type": "Microsoft.Resources/deployments",
			"apiVersion": "2015-01-01",
			"dependsOn": [
				"[resourceId('Microsoft.Compute/virtualMachines',variables('sqlWitnessVMName'))]"
			],
			"properties": {
				"mode": "Incremental",
				"templateLink": {
					"uri": "[variables('deploySqlWitnessShareTemplateUrl')]",
					"contentVersion": "1.0.0.0"
				},
				"parameters": {
					"sqlWitnessVMName": {
						"value": "[variables('sqlWitnessVMName')]"
					},
					"domainName": {
						"value": "[parameters('domainName')]"
					},
					"sharePath": {
						"value": "[variables('sqlWitnessSharePath')]"
					},
					"adminUsername": {
						"value": "[parameters('adminUsername')]"
					},
					"adminPassword": {
						"value": "[parameters('adminPassword')]"
					},
					"_artifactsLocation": {
						"value": "[parameters('_artifactsLocation')]"
					},
					"_artifactsLocationSasToken": {
						"value": "[parameters('_artifactsLocationSasToken')]"
					}
				}
			}
		},
		{
			"name": "[variables('deploySqlAlwaysOn')]",
			"type": "Microsoft.Resources/deployments",
			"apiVersion": "2015-01-01",
			"dependsOn": [
				"[resourceId('Microsoft.Compute/virtualMachines',concat(variables('sqlNamePrefix'),'0'))]",
				"[resourceId('Microsoft.Compute/virtualMachines',concat(variables('sqlNamePrefix'),'1'))]",
				"[variables('deploySqlWitnessShareId')]"
			],
			"properties": {
				"mode": "Incremental",
				"templateLink": {
					"uri": "[variables('deploySqlAlwaysOnTemplateUrl')]",
					"contentVersion": "1.0.0.0"
				},
				"parameters": {
					"sqlNamePrefix": {
						"value": "[variables('sqlNamePrefix')]"
					},
					"domainName": {
						"value": "[parameters('domainName')]"
					},
					"namePrefix": {
						"value": "[parameters('namePrefix')]"
					},
					"sharePath": {
						"value": "[variables('sqlWitnessSharePath')]"
					},
					"sqlWitnessVMName": {
						"value": "[variables('sqlWitnessVMName')]"
					},
					"sqlLBName": {
						"value": "[variables('sqlLBName')]"
					},
					"sqlLBIPAddress": {
						"value": "[parameters('sqlLBIPAddress')]"
					},
					"dnsServerName": {
						"value": "[parameters('dnsServerName')]"
					},
					"sqlServerServiceAccountUserName": {
						"value": "[parameters('sqlServerServiceAccountUserName')]"
					},
					"sqlServerServiceAccountPassword": {
						"value": "[parameters('sqlServerServiceAccountPassword')]"
					},
					"adminUsername": {
						"value": "[parameters('adminUsername')]"
					},
					"adminPassword": {
						"value": "[parameters('adminPassword')]"
					},
					"_artifactsLocation": {
						"value": "[parameters('_artifactsLocation')]"
					},
					"_artifactsLocationSasToken": {
						"value": "[parameters('_artifactsLocationSasToken')]"
					},
					"sqlAlwaysOnEndpointName": {
						"value": "[variables('sqlAOEPName')]"
					},
					"sqlAlwaysOnAvailabilityGroupName1": {
						"value": "[variables('sqlAOAGName1')]"
					},
					"sqlAlwaysOnAvailabilityGroupListenerName1": {
						"value": "[variables('sqlAOListener1')]"
					}
				}
			}
		}
	],
	"outputs": {}
}